{
"description": "big russian tonk",
"name":"cheetah biker power",
"type": "tank",
"hitSize": 35,
"template": "ErekirUnitType",
"crushDamage": 2,
"treadPullOffset": 6,
"singleTarget": false,
"omniMovement": false,
"faceTarget": false,
"health": 540,
"armor": 20,
"speed": 3,
"rotateSpeed": 6,
"itemCapacity": 0,
"outlineColor": "44413c",
"treadRects": [
    {
      "x": 29,
      "y": -84,
      "width": 19,
      "height": 170
    }
  ],


"weapons": [
    {
                name: cannon_bike
                mirror: false
                top: true
                rotate: true
		rotateSpeed: 3
                x: 0
                y: 6
                reload: 20
                shoot: {
                    shots: 1
                    shotDelay: 5
            }
            inaccuracy: 0
            recoil: 2
            shootSound: cannon
            shootEffect: none
            bullet: {
                type: SolidBulletType
                damage: 35
                homing: false
                speed: 7
                sprite: large-bomb
                lifetime: 30
                knockback: -1
                backColor: FAE965
                frontColor: FAE965
                mixColorFrom: FAE965
                mixColorTo: FAE965
                width: 10
                height: 20
		fragOnHit: true
		fragBullets: 50
		splashDamageRadius: 10
		splashDamage: 35
		hitEffect: blastExplosion
        trailLength: 15
        trailColor: FAE965
               }
}
   

   


  ]
  
      alwaysUnlocked: true
}
