{
"type":"payload",
alwaysUnlocked: false,
buildRange:270,
buildSpeed:8,

"template": "ErekirUnitType",
hitSize: 45
canAttack:true,
contorller:BuilderAI,
coreUnitDock:true,
defaultController: BuilderAI,
flying:true,
health:1200,
itemCapacity: 120,
localisedName: "alix",
mineFloor:true
mineRange: 250
"mineSpeed":18,
mineTier: 4
mineWalls:true
speed: 6,
"payloadCapacity": 1200,

immunities: [
	"sapped",
	"wet",
	"tarred",
	"slow",
	"melting",
	"burning"
]

abilities:[

{
	"type": "mindustry.entities.abilities.ForceFieldAbility",
	"radius": 160,
	"regen": 10,
	"max": 300,
	"cooldown": 550
}


  {
  type:EnergyFieldAbility
  damage:60
  reload:40
  range:150
  effectRadius:0.1
  damageEffect:chainLightning
  status:electrified
  statusDuration:160
  shootSound:spark
  maxTargets:5
  healPercent:20
 }

]


weapons: [


  {
    name: Galva-Cannon
    x: 6
    y: 16
    shootY: 10
    mirror: true
    alternate: true
    reload: 46
    rotate: false
    trailColor: C6FF6BFF
    shootSound: missile
    frontColor: C6FF6BFF
    backColor: ffffff
    shoot: {
      shots: 3
      shotDelay: 5
    }
    bullet: {
      type: BasicBulletType
      speed: 5
      trailColor: C6FF6BFF
      frontColor: C6FF6BFF
      backColor: ffffff
      lifetime: 40
      damage: 70
      width: 10
      height: 15
      trailWidth: 1
      trailLength: 4
      pierce: true
      shrinkX: 0
      shrinkY: 0
      fragBullets: 10
      fragSpread: 60
      fragRandomSpread: 0
      fragVelocityMin: 1
      fragVelocityMax: 1
      fragLifeMin: 1
      fragLifeMax: 1
      fragBullet: {
      type: LightningBulletType
          lightningColor: C6FF6BFF
          lightningLength: 10
          lightningDamage: 34
          hitSound: spark
          despawnSound: spark
          lifetime: 1
    }
}
  }
]

    alwaysUnlocked: true
}
