{
"type":"payload",
alwaysUnlocked: false,
buildRange:270,
buildSpeed:11,

"template": "ErekirUnitType",
hitSize: 45
canAttack:true,
contorller:BuilderAI,
coreUnitDock:true,
defaultController: BuilderAI,
flying:true,
health:2400,
itemCapacity: 160,
localisedName: "name",
mineFloor:true
mineRange: 250
"mineSpeed":23,
mineTier: 6
mineWalls:true
speed: 6,
"payloadCapacity": 2500,

immunities: [
	"sapped",
	"wet",
	"tarred",
	"slow",
	"melting",
	"burning"
]

abilities:[

{
	"type": "mindustry.entities.abilities.ForceFieldAbility",
	"radius": 180,
	"regen": 10,
	"max": 360,
	"cooldown": 550
}


  {
  type:EnergyFieldAbility
  damage:60
  reload:40
  range:160
  effectRadius:0.1
  damageEffect:chainLightning
  status:electrified
  statusDuration:160
  shootSound:spark
  maxTargets:7
  healPercent:20
 }

]


weapons: [


{
	"name": "flamer",
	"x": 0,
	"y": 20,
	"reload": 7,
	"top": true,
	"mirror": false,
	"alternate": true,
	"shootY": 3,
	
	shoot: {
		type: ShootPattern
		shots: 2
		shotDelay: 4
	}
	
	"recoil": 1.5,
	"rotate": false,
	"inaccuracy" : 7, 
	"shootSound": "flame",
	"shootCone": 18,
	
	bullet: {
		"type": "BasicBulletType",
		"collidesAir": true,
		"speed": 5,
		"damage": 90,
		"width": 0.1,
		"height": 0.1,
		
		shootEffect: {
			"type": "ParticleEffect",
			"particles": 30,
			"sizeFrom": 8,
			"sizeTo": 0,
			"length": 300,
			"lifetime": 90,
			"interp": "circleOut",
			"lightColor": "FF5845FF",
			"colorFrom": "FFDCD8FF",
			"colorTo": "FF5845FF",
			"cone": 10
		}
		
		"smokeEffect": "none",
		"lifetime": 34,
		"despawnEffect": "none",
		"hittable": false,
		"reflectable": false,
		
		hitEffect: {
			"type": "ParticleEffect",
			"line": true,
			"particles": 5,
			"lifetime": 60,
			"interp": "circleOut",
			"length": 50,
			"cone": -30,
			"lenFrom": 5,
			"lenTo": 0,
			"colorFrom": "FF5845FF",
			"colorTo": "FF5845FF"
		}
		
		"pierce": true,
		"incendAmount": 5
	}
}


]

    alwaysUnlocked: true
}
