{
"description": "big russian tonk",
"name":"cheetah tank power",
"template": "ErekirUnitType",
"type": "tank",
"hitSize": 50,
"crushDamage": 2,
"treadPullOffset": 6,
"singleTarget": false,
"omniMovement": false,
"faceTarget": false,
"health": 3200,
"armor": 20,
"speed": 1.5,
"rotateSpeed": 3,
"itemCapacity": 0,
"outlineColor": "44413c",
"treadRects": [
    {
      "x": 29,
      "y": -84,
      "width": 19,
      "height": 170
    }
  ],

  "abilities": [
    {
      "type": "UnitSpawnAbility",
      "spawnX": 20,
      "spawnY": 0,
      "unit": "cheetah_soldier_m",
      "spawnTime": 1300
    },
    {
      "type": "UnitSpawnAbility",
      "spawnX": -20,
      "spawnY": 0,
      "unit": "cheetah_soldier_g",
      "spawnTime": 1300
    }


 	{
		type: SpawnDeathAbility
		amount: 3
		unit: cheetah_soldier_g
	}
	{
		type: SpawnDeathAbility
		amount: 3
		unit: cheetah_soldier_m
	}
 
 
  ],


"weapons": [
    {
                name: cannon_tank_power
                mirror: false
                top: true
                rotate: true
		rotateSpeed: 3
                x: 0
                y: 20
                reload: 60
                shoot: {
                    shots: 1
                    shotDelay: 5
            }
            inaccuracy: 0
            recoil: 2
            shootSound: cannon
            shootEffect: none
            bullet: {
                type: SolidBulletType
                damage: 100
                homing: false
                speed: 7
                sprite: large-bomb
                lifetime: 30
                knockback: -1
                backColor: FAE965
                frontColor: FAE965
                mixColorFrom: FAE965
                mixColorTo: FAE965
                width: 10
                height: 20
		fragOnHit: true
		fragBullets: 50
		splashDamageRadius: 34
		splashDamage: 80
		hitEffect: blastExplosion
        trailLength: 15
        trailColor: FAE965
               }
}
  

  ]
  
      alwaysUnlocked: true
}
