{
"name": "create war",
"category":"units",
"plans":[
{
"unit":"cheetah_archer",
"requirements":[
"cpe/60"
],
"time":600
}

{
"unit":"cheetah_biker",
"requirements":[
"cpe/50"
],
"time":600
}

{
"unit":"cheetah_tank",
"requirements":[
"cpe/340"
],
"time":2400
}

{
"unit":"cheetah_bolt",
"requirements":[
"cpe/170"
],
"time":800
}


],
"requirements":["cpe/80"],
"research":"ceate-wizard",
"size":5,
"type":"UnitFactory",
"unitCapModifier":5,
    alwaysUnlocked: true
}
