{
"category":"crafting"
"craftEffect":"smeltsmoke",
"craftTime":60, 
"description":"produces metaglass but without using copper",
"displayNane":"create cpe2",
"consumes":{
"items":[{"item":titanium,"amount":2}]
}
"health":3600,
"itemCapacity":80,
"name": "creat cpe copper",
"outputItem":{"item":"cpe","amount":1},
"requirements":[{"item":"copper","amount":60},{"item":"titanium","amount":80}],
"research":"crafter gold",
"size":4
"type": "GenericCrafter",

    alwaysUnlocked: true
}
